[
  {
    "univ_name":"БГУ",
    "faculties":[
      {
        "fac_name":"Механико-математический факультет",
        "passing_score":{
          "free": 290,
          "payed": 254
        },
        "exams":[
          "математика", "физика", "русский/белорусский язык"
        ],
        "specs":[
          {
            "description":"Основу образовательного процесса составляют фундаментальные математические курсы, читаемые на механико-математическом факультете. Значителен объем подготовки студентов и в области информационных технологий и программирования.",
            "spec_name":"Математика (экономическая деятельность)",
            "passing_score":{
              "free": 315,
              "payed": "-"
            }
          },
          {
            "description":"Для разработки программного обеспечения мобильных устройств необходимы новые специалисты, новые знания и умения, которые можно получить, обучаясь на этой специальности. Подготовка специалистов специальности «Математика и информационные технологии» ведется в контакте с ведущими IT-компаниями страны (EPAM Systems, IBA, HiQo Solutions, Itransition, Exadel, BelHard Group и др.). После окончания обучения Вы станете высококвалифицированным специалистом в IT-сфере и без труда найдете высокооплачиваемую работу.",
            "spec_name":"Математика и информационные технологии (математическое и программное обеспечение мобильных устройств)",
            "passing_score":{
              "free": 334,
              "payed":254
            }
          },
          {
            "description":"Современный математик — это человек, который умеет решать непростые задачи, связанные с обработкой больших объемов сложной и разнообразной информации. Он умеет правильно и системно организовать процесс мышления, увидеть пути возможного решения проблемы.",
            "spec_name":"Математика (научно-производственная деятельность)",
            "passing_score":{
              "free": 321,
              "payed": "-"
            }
          },
          {
            "description":"Общеизвестно, что лучшими IT-специалистами являются математики, поскольку они обладают аналитическим мышлением, способностью быстро обучаться и находить оптимальные решения сложнейших задач. Отличительной чертой этой специальности является сочетание обучения разделам математики, лежащим в основе современных IT-технологий (криптография, математическая кибернетика, алгоритмика), и самым востребованным языкам и технологиям программирования (С++, Java, HTML 5, CSS3, JavaScript, PHP и т.п.).Знания и умения специалистов по интернет-маркетингу востребованы в современном бизнесе, связанном с продажами интернет-разработок и SEO-продвижением.",
            "spec_name":"Математика и информационные технологии (веб-программирование и интернет-технологии)",
            "passing_score":{
              "free": 342,
              "payed":273
            }
          },
          {
            "description":"Занятия по анализу, алгебре, геометрии разовьют у вас дух исследователя, а компьютерная математика поднимет его на новый качественный уровень. Курсы программирования, баз данных, криптографии, кодирования, математической статистики, нейронных сетей и генетических алгоритмов (список можно продолжить) помогут Вам находить эффективные решения реальных производственных задач, а после изучения курсов математического моделирования и прикладного системного анализа Вы сможете анализировать системы любого характера.",
            "spec_name":"Компьютерная математикаи и системный анализ",
            "passing_score":{
              "free": 336,
              "payed":277
            }
          },
          {
            "description":"Создание все большего и большего количества различных программно-аппаратных наноэлектронных систем обработки информации для всех областей жизнедеятельности человека по общему признанию является наиболее актуальной задачей XXI века. Подготовка специалистов-математиков, способных находить наиболее эффективные решения комплексных программно-аппаратных систем обработки информации и управления осуществляется только на нашем факультете.",
            "spec_name":"Математика (научно-конструкторская деятельность)",
            "passing_score":{
              "free": 314,
              "payed": "-"
            }
          },
          {
            "description":"Какие отличительные особенности учебы на специальности «Математика (научно-педагогическая деятельность)» механико-математического факультета по сравнению с родственными специальностями педагогических университетов? Занятия в группе, начиная с первого курса, проводят ведущие преподаватели факультета с учетом специфики будущей работы выпускников.",
            "spec_name":"Математика (научно-педагогическая деятельность)",
            "passing_score":{
              "free": 288,
              "payed": "-"
            }
          },
          {
            "description":"На сегодняшний день практически все предприятия, научно-исследовательские и проектные организации, конструкторские бюро крупных заводов, связанные с САПР-технологиями, моделированием разнообразных механических явлений испытывают острую потребность в специалистах-механиках, обладающих глубокими знаниями в области механики, имеющих серьезную математическую подготовку и профессионально владеющих IТ-технологиями. Поэтому в последние годы на этой специальности открыты специализации «Компьютерная механика» и «Биомеханика».",
            "spec_name":"Механика и математическое моделирование",
            "passing_score":{
              "free": 293,
              "payed": "-"
            }
          }
        ]
      },
      {
        "fac_name":"Факультет прикладной математики и информатики",
        "passing_score":{
          "free": 335,
          "payed": 252
        },
        "exams":[
          "математика", "физика", "русский/белорусский язык"
        ],
        "specs":[
          {
            "description":"Основу образовательного процесса составляют фундаментальные математические курсы, читаемые на механико-математическом факультете. Значителен объем подготовки студентов и в области информационных технологий и программирования.",
            "spec_name":"информатика",
            "passing_score":{
              "free": 360,
              "payed": "-"
            }
          },
          {
            "description":"Основу образовательного процесса составляют фундаментальные математические курсы, читаемые на механико-математическом факультете. Значителен объем подготовки студентов и в области информационных технологий и программирования.",
            "spec_name":"актуарная математика",
            "passing_score":{
              "free": 352,
              "payed": "-"
            }
          },
          {
            "description":"Основу образовательного процесса составляют фундаментальные математические курсы, читаемые на механико-математическом факультете. Значителен объем подготовки студентов и в области информационных технологий и программирования.",
            "spec_name":"компьютерная безопасность (направление – математические методы и программные системы)",
            "passing_score":{
              "free": 352,
              "payed": "-"
            }
          },
          {
            "description":"Основу образовательного процесса составляют фундаментальные математические курсы, читаемые на механико-математическом факультете. Значителен объем подготовки студентов и в области информационных технологий и программирования.",
            "spec_name":"прикладная математика",
            "passing_score":{
              "free": 341,
              "payed": "-"
            }
          },
          {
            "description":"Основу образовательного процесса составляют фундаментальные математические курсы, читаемые на механико-математическом факультете. Значителен объем подготовки студентов и в области информационных технологий и программирования.",
            "spec_name":"экономическая кибернетика",
            "passing_score":{
              "free": 335,
              "payed": "-"
            }
          }
        ]
      },
      {
        "fac_name":"Биологический факультет",
        "passing_score":{
          "free": 284,
          "payed": 171
        },
        "exams":[
          "химия", "биология", "русский/белорусский язык"
        ],
        "specs":[
          {
            "description":"Основу образовательного процесса составляют фундаментальные математические курсы, читаемые на механико-математическом факультете. Значителен объем подготовки студентов и в области информационных технологий и программирования.",
            "spec_name":"Биохомия",
            "passing_score":{
              "free": 309,
              "payed": 187
            }
          },
          {
            "description":"Основу образовательного процесса составляют фундаментальные математические курсы, читаемые на механико-математическом факультете. Значителен объем подготовки студентов и в области информационных технологий и программирования.",
            "spec_name":"Микробиология",
            "passing_score":{
              "free": 313,
              "payed": 194
            }
          },
          {
            "description":"Основу образовательного процесса составляют фундаментальные математические курсы, читаемые на механико-математическом факультете. Значителен объем подготовки студентов и в области информационных технологий и программирования.",
            "spec_name":"Биология(Биотехнология)",
            "passing_score":{
              "free": 300,
              "payed": "-"            }
          },
          {
            "description":"Основу образовательного процесса составляют фундаментальные математические курсы, читаемые на механико-математическом факультете. Значителен объем подготовки студентов и в области информационных технологий и программирования.",
            "spec_name":"Биология(Научно-производственная деятельность)",
            "passing_score":{
              "free": 291,
              "payed": "-"
            }
          },
          {
            "description":"Основу образовательного процесса составляют фундаментальные математические курсы, читаемые на механико-математическом факультете. Значителен объем подготовки студентов и в области информационных технологий и программирования.",
            "spec_name":"Биология(Научно-педагогическая деятельность)",
            "passing_score":{
              "free": 288,
              "payed": "-"
            }
          },
          {
            "description":"Основу образовательного процесса составляют фундаментальные математические курсы, читаемые на механико-математическом факультете. Значителен объем подготовки студентов и в области информационных технологий и программирования.",
            "spec_name":"Биоэкология",
            "passing_score":{
              "free": 283,
              "payed": 171
            }
          }
        ]
      },
      {
        "fac_name":"Географический факультет",
        "passing_score":{
          "free": 217,
          "payed": 99
        },
        "exams":[
          "математика", "география", "русский/белорусский язык"
        ],
        "specs":[
          {
            "description":"Основу образовательного процесса составляют фундаментальные математические курсы, читаемые на механико-математическом факультете. Значителен объем подготовки студентов и в области информационных технологий и программирования.",
            "spec_name":"География(по направлениям)",
            "passing_score":{
              "free": 217,
              "payed": 99
            }
          },
          {
            "description":"Основу образовательного процесса составляют фундаментальные математические курсы, читаемые на механико-математическом факультете. Значителен объем подготовки студентов и в области информационных технологий и программирования.",
            "spec_name":"Космоаэрокартография",
            "passing_score":{
              "free": 280,
              "payed": 194
            }
          },
          {
            "description":"Основу образовательного процесса составляют фундаментальные математические курсы, читаемые на механико-математическом факультете. Значителен объем подготовки студентов и в области информационных технологий и программирования.",
            "spec_name":"Геоэкология",
            "passing_score":{
              "free": 232,
              "payed": 164
            }
          },
          {
            "description":"Основу образовательного процесса составляют фундаментальные математические курсы, читаемые на механико-математическом факультете. Значителен объем подготовки студентов и в области информационных технологий и программирования.",
            "spec_name":"Геология и разведка месторождений полезных ископаемых",
            "passing_score":{
              "free": 234,
              "payed": 168
            }
          },
          {
            "description":"Основу образовательного процесса составляют фундаментальные математические курсы, читаемые на механико-математическом факультете. Значителен объем подготовки студентов и в области информационных технологий и программирования.",
            "spec_name":"Геоинформационные системы",
            "passing_score":{
              "free": 247,
              "payed": 221
            }
          }
        ]
      },
      {
        "fac_name":"Факультет социокультурных коммуникаций",
        "passing_score":{
          "free": 217,
          "payed": 99
        },
        "exams":[
          "история беларуси", "английский язык", "русский/белорусский язык"
        ],
        "specs":[
          {
            "description":"Основу образовательного процесса составляют фундаментальные математические курсы, читаемые на механико-математическом факультете. Значителен объем подготовки студентов и в области информационных технологий и программирования.",
            "spec_name":"Современные иностранные языки (перевод)",
            "passing_score":{
              "free": 344,
              "payed": 149
            }
          },
          {
            "description":"Основу образовательного процесса составляют фундаментальные математические курсы, читаемые на механико-математическом факультете. Значителен объем подготовки студентов и в области информационных технологий и программирования.",
            "spec_name":"Современные иностранные языки (преподавание)",
            "passing_score":{
              "free": 344,
              "payed": 149
            }
          },
          {
            "description":"Основу образовательного процесса составляют фундаментальные математические курсы, читаемые на механико-математическом факультете. Значителен объем подготовки студентов и в области информационных технологий и программирования.",
            "spec_name":"Социальная работа (социальное проектирование)",
            "passing_score":{
              "free": 190,
              "payed": 150
            }
          },
          {
            "description":"Основу образовательного процесса составляют фундаментальные математические курсы, читаемые на механико-математическом факультете. Значителен объем подготовки студентов и в области информационных технологий и программирования.",
            "spec_name":"Прикладная информатика (веб-программирование и компьютерный дизайн)",
            "passing_score":{
              "free": 287,
              "payed": 216
            }
          },
          {
            "description":"Основу образовательного процесса составляют фундаментальные математические курсы, читаемые на механико-математическом факультете. Значителен объем подготовки студентов и в области информационных технологий и программирования.",
            "spec_name":"Культурология (по направлениям)",
            "passing_score":{
              "free": 320,
              "payed": 190
            }
          }
        ]
      },
      {
        "fac_name":"Исторический факультет",
        "passing_score":{
          "free": 217,
          "payed": 99
        },
        "exams":[
          "история беларуси", "обществоведение", "русский/белорусский язык"
        ],
        "specs":[
          {
            "description":"Основу образовательного процесса составляют фундаментальные математические курсы, читаемые на механико-математическом факультете. Значителен объем подготовки студентов и в области информационных технологий и программирования.",
            "spec_name":"История (по направлениям)",
            "passing_score":{
              "free": 297,
              "payed": 185
            }
          },
          {
            "description":"Основу образовательного процесса составляют фундаментальные математические курсы, читаемые на механико-математическом факультете. Значителен объем подготовки студентов и в области информационных технологий и программирования.",
            "spec_name":"Музейное дело и охрана историко-культурного наследия (по направлениям)",
            "passing_score":{
              "free": 297,
              "payed": 185
            }
          },
          {
            "description":"Основу образовательного процесса составляют фундаментальные математические курсы, читаемые на механико-математическом факультете. Значителен объем подготовки студентов и в области информационных технологий и программирования.",
            "spec_name":"Историко-архивоведение",
            "passing_score":{
              "free": 297,
              "payed": 185
            }
          },
          {
            "description":"Основу образовательного процесса составляют фундаментальные математические курсы, читаемые на механико-математическом факультете. Значителен объем подготовки студентов и в области информационных технологий и программирования.",
            "spec_name":"Документоведение (по направлениям)",
            "passing_score":{
              "free": 297,
              "payed": 185
            }
          },
          {
            "description":"Основу образовательного процесса составляют фундаментальные математические курсы, читаемые на механико-математическом факультете. Значителен объем подготовки студентов и в области информационных технологий и программирования.",
            "spec_name":"История (отечественная и всеобщая) (заочно)",
            "passing_score":{
              "free": 161,
              "payed": 163
            }
          },
          {
            "description":"Основу образовательного процесса составляют фундаментальные математические курсы, читаемые на механико-математическом факультете. Значителен объем подготовки студентов и в области информационных технологий и программирования.",
            "spec_name":"Музейное дело и охрана историко-культурного наследия (по направлениям) (заочно)",
            "passing_score":{
              "free": 161,
              "payed": 163
            }
          },
          {
            "description":"Основу образовательного процесса составляют фундаментальные математические курсы, читаемые на механико-математическом факультете. Значителен объем подготовки студентов и в области информационных технологий и программирования.",
            "spec_name":"Документоведение (по направлениям) (заочно)",
            "passing_score":{
              "free": 161,
              "payed": 163
            }
          },
          {
            "description":"Основу образовательного процесса составляют фундаментальные математические курсы, читаемые на механико-математическом факультете. Значителен объем подготовки студентов и в области информационных технологий и программирования.",
            "spec_name":"Документоведение (документационное обеспечение управления) на базе среднего специального образования (заочно)",
            "passing_score":{
              "free": 156,
              "payed": 0
            }
          }
        ]
      },
      {
        "fac_name":"Филологический факультет",
        "passing_score":{
          "free": 217,
          "payed": 99
        },
        "exams":[
          "англиский язык", "история беларуси", "русский/белорусский язык"
        ],
        "specs":[
          {
            "description":"Основу образовательного процесса составляют фундаментальные математические курсы, читаемые на механико-математическом факультете. Значителен объем подготовки студентов и в области информационных технологий и программирования.",
            "spec_name":"Русская филология",
            "passing_score":{
              "free": 186,
              "payed": 110
            }
          },
          {
            "description":"Основу образовательного процесса составляют фундаментальные математические курсы, читаемые на механико-математическом факультете. Значителен объем подготовки студентов и в области информационных технологий и программирования.",
            "spec_name":"Славянская филология",
            "passing_score":{
              "free": 259,
              "payed": 194
            }
          },
          {
            "description":"Основу образовательного процесса составляют фундаментальные математические курсы, читаемые на механико-математическом факультете. Значителен объем подготовки студентов и в области информационных технологий и программирования.",
            "spec_name":"Классическая филология",
            "passing_score":{
              "free": 297,
              "payed": 185
            }
          },
          {
            "description":"Основу образовательного процесса составляют фундаментальные математические курсы, читаемые на механико-математическом факультете. Значителен объем подготовки студентов и в области информационных технологий и программирования.",
            "spec_name":"Романо-германская филология, восточная филология",
            "passing_score":{
              "free": 291,
              "payed": 185
            }
          },
          {
            "description":"Основу образовательного процесса составляют фундаментальные математические курсы, читаемые на механико-математическом факультете. Значителен объем подготовки студентов и в области информационных технологий и программирования.",
            "spec_name":"Белорусская филология(по направлениям)",
            "passing_score":{
              "free": 169,
              "payed": 161
            }
          }
        ]
      }
    ]
  },
  {
    "univ_name":"БГУИР",
    "faculties":[
      {
        "fac_name":"Факультет компьютерных систем и сетей",
        "passing_score":{
          "free": 339,
          "payed": "-"
        },
        "exams":[
          "математика", "физика", "русский/белорусский язык"
        ],
        "specs":[
          {
            "description":"Основу образовательного процесса составляют фундаментальные математические курсы, читаемые на механико-математическом факультете. Значителен объем подготовки студентов и в области информационных технологий и программирования.",
            "spec_name":"Вычислительные машины, системы и сети",
            "passing_score":{
              "free": 350,
              "payed": "-"
            }
          },
          {
            "description":"Основу образовательного процесса составляют фундаментальные математические курсы, читаемые на механико-математическом факультете. Значителен объем подготовки студентов и в области информационных технологий и программирования.",
            "spec_name":"Программное обеспечение информационных технологий",
            "passing_score":{
              "free": 371,
              "payed": "-"
            }
          },
          {
            "description":"Основу образовательного процесса составляют фундаментальные математические курсы, читаемые на механико-математическом факультете. Значителен объем подготовки студентов и в области информационных технологий и программирования.",
            "spec_name":"Информатика и технологии программирования",
            "passing_score":{
              "free": 380,
              "payed": "-"
            }
          },
          {
            "description":"Основу образовательного процесса составляют фундаментальные математические курсы, читаемые на механико-математическом факультете. Значителен объем подготовки студентов и в области информационных технологий и программирования.",
            "spec_name":"Электронные вычислительные средства",
            "passing_score":{
              "free": 339,
              "payed": "-"
            }
          }
        ]
      },
      {
        "fac_name":"Факультет международных отношений",
        "passing_score":{
          "free": 339,
          "payed": "-"
        },
        "exams":[
          "английский язык", "физика", "русский/белорусский язык"
        ],
        "specs":[
          {
            "description":"Основу образовательного процесса составляют фундаментальные математические курсы, читаемые на механико-математическом факультете. Значителен объем подготовки студентов и в области информационных технологий и программирования.",
            "spec_name":"Вычислительные машины, системы и сети",
            "passing_score":{
              "free": 350,
              "payed": "-"
            }
          },
          {
            "description":"Основу образовательного процесса составляют фундаментальные математические курсы, читаемые на механико-математическом факультете. Значителен объем подготовки студентов и в области информационных технологий и программирования.",
            "spec_name":"Программное обеспечение информационных технологий",
            "passing_score":{
              "free": 371,
              "payed": "-"
            }
          },
          {
            "description":"Основу образовательного процесса составляют фундаментальные математические курсы, читаемые на механико-математическом факультете. Значителен объем подготовки студентов и в области информационных технологий и программирования.",
            "spec_name":"Информатика и технологии программирования",
            "passing_score":{
              "free": 380,
              "payed": "-"
            }
          },
          {
            "description":"Основу образовательного процесса составляют фундаментальные математические курсы, читаемые на механико-математическом факультете. Значителен объем подготовки студентов и в области информационных технологий и программирования.",
            "spec_name":"Электронные вычислительные средства",
            "passing_score":{
              "free": 339,
              "payed": "-"
            }
          }
        ]
      },
      {
        "fac_name":"Физический факультет",
        "passing_score":{
          "free": 339,
          "payed": "-"
        },
        "exams":[
          "математика", "физика", "русский/белорусский язык"
        ],
        "specs":[
          {
            "description":"Основу образовательного процесса составляют фундаментальные математические курсы, читаемые на механико-математическом факультете. Значителен объем подготовки студентов и в области информационных технологий и программирования.",
            "spec_name":"Вычислительные машины, системы и сети",
            "passing_score":{
              "free": 350,
              "payed": "-"
            }
          },
          {
            "description":"Основу образовательного процесса составляют фундаментальные математические курсы, читаемые на механико-математическом факультете. Значителен объем подготовки студентов и в области информационных технологий и программирования.",
            "spec_name":"Программное обеспечение информационных технологий",
            "passing_score":{
              "free": 371,
              "payed": "-"
            }
          },
          {
            "description":"Основу образовательного процесса составляют фундаментальные математические курсы, читаемые на механико-математическом факультете. Значителен объем подготовки студентов и в области информационных технологий и программирования.",
            "spec_name":"Информатика и технологии программирования",
            "passing_score":{
              "free": 380,
              "payed": "-"
            }
          },
          {
            "description":"Основу образовательного процесса составляют фундаментальные математические курсы, читаемые на механико-математическом факультете. Значителен объем подготовки студентов и в области информационных технологий и программирования.",
            "spec_name":"Электронные вычислительные средства",
            "passing_score":{
              "free": 339,
              "payed": "-"
            }
          }
        ]
      },
      {
        "fac_name":"Факультет радиофизики и компьютерных технологий",
        "passing_score":{
          "free": 339,
          "payed": "-"
        },
        "exams":[
          "математика", "физика", "русский/белорусский язык"
        ],
        "specs":[
          {
            "description":"Основу образовательного процесса составляют фундаментальные математические курсы, читаемые на механико-математическом факультете. Значителен объем подготовки студентов и в области информационных технологий и программирования.",
            "spec_name":"Вычислительные машины, системы и сети",
            "passing_score":{
              "free": 350,
              "payed": "-"
            }
          },
          {
            "description":"Основу образовательного процесса составляют фундаментальные математические курсы, читаемые на механико-математическом факультете. Значителен объем подготовки студентов и в области информационных технологий и программирования.",
            "spec_name":"Программное обеспечение информационных технологий",
            "passing_score":{
              "free": 371,
              "payed": "-"
            }
          },
          {
            "description":"Основу образовательного процесса составляют фундаментальные математические курсы, читаемые на механико-математическом факультете. Значителен объем подготовки студентов и в области информационных технологий и программирования.",
            "spec_name":"Информатика и технологии программирования",
            "passing_score":{
              "free": 380,
              "payed": "-"
            }
          },
          {
            "description":"Основу образовательного процесса составляют фундаментальные математические курсы, читаемые на механико-математическом факультете. Значителен объем подготовки студентов и в области информационных технологий и программирования.",
            "spec_name":"Электронные вычислительные средства",
            "passing_score":{
              "free": 339,
              "payed": "-"
            }
          }
        ]
      },
      {
        "fac_name":"Факультет прикланой математики и информатики",
        "passing_score":{
          "free": 339,
          "payed": "-"
        },
        "exams":[
          "математика", "физика", "русский/белорусский язык"
        ],
        "specs":[
          {
            "description":"Основу образовательного процесса составляют фундаментальные математические курсы, читаемые на механико-математическом факультете. Значителен объем подготовки студентов и в области информационных технологий и программирования.",
            "spec_name":"Вычислительные машины, системы и сети",
            "passing_score":{
              "free": 350,
              "payed": "-"
            }
          },
          {
            "description":"Основу образовательного процесса составляют фундаментальные математические курсы, читаемые на механико-математическом факультете. Значителен объем подготовки студентов и в области информационных технологий и программирования.",
            "spec_name":"Программное обеспечение информационных технологий",
            "passing_score":{
              "free": 371,
              "payed": "-"
            }
          },
          {
            "description":"Основу образовательного процесса составляют фундаментальные математические курсы, читаемые на механико-математическом факультете. Значителен объем подготовки студентов и в области информационных технологий и программирования.",
            "spec_name":"Информатика и технологии программирования",
            "passing_score":{
              "free": 380,
              "payed": "-"
            }
          },
          {
            "description":"Основу образовательного процесса составляют фундаментальные математические курсы, читаемые на механико-математическом факультете. Значителен объем подготовки студентов и в области информационных технологий и программирования.",
            "spec_name":"Электронные вычислительные средства",
            "passing_score":{
              "free": 339,
              "payed": "-"
            }
          }
        ]
      }
    ]
  }
]
